{"cameraMode":{"drawMode":0,"name":"Shaded","section":"Shading Mode"},"sceneLighting":false,"audioPlay":false,"sceneViewState":{"showFog":true,"showMaterialUpdate":false,"showSkybox":false,"showFlares":true,"showImageEffects":true,"showParticleSystems":true},"in2DMode":false,"pivot":{"x":0.0,"y":1.8209999799728394,"z":1.2589999437332154},"rotation":{"x":-0.027260160073637964,"y":0.9719327092170715,"z":-0.14391204714775086,"w":-0.18410512804985047},"size":0.5405021905899048,"orthographic":false}