{"cameraMode":{"drawMode":0,"name":"Shaded","section":"Shading Mode"},"sceneLighting":false,"audioPlay":false,"sceneViewState":{"showFog":true,"showMaterialUpdate":false,"showSkybox":false,"showFlares":true,"showImageEffects":true,"showParticleSystems":true},"in2DMode":false,"pivot":{"x":-1.0787081718444825,"y":1.1257808208465577,"z":0.6228604316711426},"rotation":{"x":0.09558402001857758,"y":-0.8515248894691467,"z":0.16685956716537476,"w":0.48779186606407168},"size":9.44404125213623,"orthographic":false}