{"cameraMode":{"drawMode":0,"name":"Shaded","section":"Shading Mode"},"sceneLighting":false,"audioPlay":false,"sceneViewState":{"showFog":true,"showMaterialUpdate":false,"showSkybox":false,"showFlares":true,"showImageEffects":true,"showParticleSystems":true},"in2DMode":false,"pivot":{"x":0.005776405334472656,"y":-0.047384023666381839,"z":-0.24143338203430177},"rotation":{"x":0.12310492247343064,"y":-0.8621073365211487,"z":0.25117483735084536,"w":0.42253753542900088},"size":4.923330783843994,"orthographic":false}