{"cameraMode":{"drawMode":0,"name":"Shaded","section":"Shading Mode"},"sceneLighting":false,"audioPlay":false,"sceneViewState":{"showFog":true,"showMaterialUpdate":false,"showSkybox":false,"showFlares":true,"showImageEffects":true,"showParticleSystems":true},"in2DMode":false,"pivot":{"x":0.6209999918937683,"y":0.2060001790523529,"z":0.0},"rotation":{"x":0.33379438519477847,"y":-0.4266597032546997,"z":0.1731358766555786,"w":0.8225436806678772},"size":2.8947865962982179,"orthographic":false}