{"cameraMode":{"drawMode":0,"name":"Shaded","section":"Shading Mode"},"sceneLighting":false,"audioPlay":false,"sceneViewState":{"showFog":true,"showMaterialUpdate":false,"showSkybox":false,"showFlares":true,"showImageEffects":true,"showParticleSystems":true},"in2DMode":false,"pivot":{"x":0.009045183658599854,"y":1.6233527660369874,"z":1.0590310096740723},"rotation":{"x":0.2567043602466583,"y":-0.3091795742511749,"z":0.08706587553024292,"w":0.9115597605705261},"size":10.23625659942627,"orthographic":false}